"DESCRIPTION","DURATION IN MS","NAME","PARENT SUITE","START TIME","STATUS","STOP TIME","SUB SUITE","SUITE","TEST CLASS","TEST METHOD"
"","589","userCanNotChangePersonalInfoWithInvalidDataTest(InvalidChangeNameCase) [1] THREE_WORDS","","Thu Aug 20 15:06:42 UTC 2026","passed","Thu Aug 20 15:06:43 UTC 2026","","iteration_2.api.ChangeNameTest","iteration_2.api.ChangeNameTest","userCanNotChangePersonalInfoWithInvalidDataTest"
"","701","userCanCreateDepositWithValidDataTest(double) [3] 4999.99","","Thu Aug 20 15:06:34 UTC 2026","failed","Thu Aug 20 15:06:35 UTC 2026","","iteration_2.api.CreateDepositTest","iteration_2.api.CreateDepositTest","userCanCreateDepositWithValidDataTest"
"","264","adminCanNotCreateUserWithInvalidUserPassword(InvalidUserPasswordCase) [4] NO_SPECIAL_CHAR","","Thu Aug 20 15:05:50 UTC 2026","passed","Thu Aug 20 15:05:50 UTC 2026","","iteration_1.api.CreateUserTest","iteration_1.api.CreateUserTest","adminCanNotCreateUserWithInvalidUserPassword"
"","247","adminCanNotCreateUserWithInvalidUserNameTest(InvalidUsernameCase) [4] INVALID_CHAR","","Thu Aug 20 15:05:52 UTC 2026","passed","Thu Aug 20 15:05:52 UTC 2026","","iteration_1.api.CreateUserTest","iteration_1.api.CreateUserTest","adminCanNotCreateUserWithInvalidUserNameTest"
"","787","userCanCreateDepositWithValidDataTest(double) [1] 0.01","","Thu Aug 20 15:06:32 UTC 2026","failed","Thu Aug 20 15:06:33 UTC 2026","","iteration_2.api.CreateDepositTest","iteration_2.api.CreateDepositTest","userCanCreateDepositWithValidDataTest"
"","245","adminCanNotCreateUserWithInvalidUserNameTest(InvalidUsernameCase) [3] TOO_LONG","","Thu Aug 20 15:05:51 UTC 2026","passed","Thu Aug 20 15:05:52 UTC 2026","","iteration_1.api.CreateUserTest","iteration_1.api.CreateUserTest","adminCanNotCreateUserWithInvalidUserNameTest"
"","697","userCanNotCreateDepositWithInvalidDataTest(InvalidDepositCase) [2] EXCEED_LIMIT","","Thu Aug 20 15:06:36 UTC 2026","failed","Thu Aug 20 15:06:37 UTC 2026","","iteration_2.api.CreateDepositTest","iteration_2.api.CreateDepositTest","userCanNotCreateDepositWithInvalidDataTest"
"","584","userCanNotChangePersonalInfoWithInvalidDataTest(InvalidChangeNameCase) [3] SPECIAL_CHARACTERS","","Thu Aug 20 15:06:44 UTC 2026","passed","Thu Aug 20 15:06:44 UTC 2026","","iteration_2.api.ChangeNameTest","iteration_2.api.ChangeNameTest","userCanNotChangePersonalInfoWithInvalidDataTest"
"","6626","userCanChangeNameTest()","","Thu Aug 20 15:06:25 UTC 2026","failed","Thu Aug 20 15:06:32 UTC 2026","","iteration_2.ui.ChangeNameTest","iteration_2.ui.ChangeNameTest","userCanChangeNameTest"
"","3294","userCanTransferMoneyToTheSameAccountTest()","","Thu Aug 20 15:06:10 UTC 2026","failed","Thu Aug 20 15:06:14 UTC 2026","","iteration_2.ui.TransferMoneyTest","iteration_2.ui.TransferMoneyTest","userCanTransferMoneyToTheSameAccountTest"
"","910","userCanTransferValidAmountOfMoneyToValidAccountTest()","","Thu Aug 20 15:06:37 UTC 2026","failed","Thu Aug 20 15:06:38 UTC 2026","","iteration_2.api.TransferMoneyTest","iteration_2.api.TransferMoneyTest","userCanTransferValidAmountOfMoneyToValidAccountTest"
"","3464","userCanNotTransferMoneyValueIncreasingBalanceTest()","","Thu Aug 20 15:06:01 UTC 2026","failed","Thu Aug 20 15:06:04 UTC 2026","","iteration_2.ui.TransferMoneyTest","iteration_2.ui.TransferMoneyTest","userCanNotTransferMoneyValueIncreasingBalanceTest"
"","789","userCanCreateAccountTest()","","Thu Aug 20 15:05:53 UTC 2026","passed","Thu Aug 20 15:05:54 UTC 2026","","iteration_1.api.CreateAccountTest","iteration_1.api.CreateAccountTest","userCanCreateAccountTest"
"","119","adminCanGenerateAuthTokenTest()","","Thu Aug 20 15:05:53 UTC 2026","passed","Thu Aug 20 15:05:53 UTC 2026","","iteration_1.api.LoginUserTest","iteration_1.api.LoginUserTest","adminCanGenerateAuthTokenTest"
"","376","userCanGenerateAuthTokenTest()","","Thu Aug 20 15:05:53 UTC 2026","passed","Thu Aug 20 15:05:53 UTC 2026","","iteration_1.api.LoginUserTest","iteration_1.api.LoginUserTest","userCanGenerateAuthTokenTest"
"","2819","userCanNotTransferMoneyToMissedAccountValueTest()","","Thu Aug 20 15:06:04 UTC 2026","failed","Thu Aug 20 15:06:07 UTC 2026","","iteration_2.ui.TransferMoneyTest","iteration_2.ui.TransferMoneyTest","userCanNotTransferMoneyToMissedAccountValueTest"
"","268","adminCanNotCreateUserWithInvalidUserPassword(InvalidUserPasswordCase) [6] NO_LOWERCASE","","Thu Aug 20 15:05:51 UTC 2026","passed","Thu Aug 20 15:05:51 UTC 2026","","iteration_1.api.CreateUserTest","iteration_1.api.CreateUserTest","adminCanNotCreateUserWithInvalidUserPassword"
"","280","adminCanNotCreateUserWithInvalidUserPassword(InvalidUserPasswordCase) [3] NO_DIGIT","","Thu Aug 20 15:05:50 UTC 2026","passed","Thu Aug 20 15:05:50 UTC 2026","","iteration_1.api.CreateUserTest","iteration_1.api.CreateUserTest","adminCanNotCreateUserWithInvalidUserPassword"
"","287","adminCanNotCreateUserWithInvalidUserPassword(InvalidUserPasswordCase) [2] TOO_SHORT","","Thu Aug 20 15:05:50 UTC 2026","passed","Thu Aug 20 15:05:50 UTC 2026","","iteration_1.api.CreateUserTest","iteration_1.api.CreateUserTest","adminCanNotCreateUserWithInvalidUserPassword"
"","2224","userCanLoginWithCorrectDataTest()","","Thu Aug 20 15:05:42 UTC 2026","passed","Thu Aug 20 15:05:45 UTC 2026","","iteration_1.ui.LoginUserTest","iteration_1.ui.LoginUserTest","userCanLoginWithCorrectDataTest"
"","3275","adminCanCreateUserWithCorrectDataTest()","","Thu Aug 20 15:05:39 UTC 2026","passed","Thu Aug 20 15:05:42 UTC 2026","","iteration_1.ui.CreateUserTest","iteration_1.ui.CreateUserTest","adminCanCreateUserWithCorrectDataTest"
"","2558","userCanCreateDepositTest()","","Thu Aug 20 15:05:58 UTC 2026","failed","Thu Aug 20 15:06:01 UTC 2026","","iteration_2.ui.CreateDepositTest","iteration_2.ui.CreateDepositTest","userCanCreateDepositTest"
"","708","userCanCreateDepositWithValidDataTest(double) [2] 5000","","Thu Aug 20 15:06:33 UTC 2026","failed","Thu Aug 20 15:06:34 UTC 2026","","iteration_2.api.CreateDepositTest","iteration_2.api.CreateDepositTest","userCanCreateDepositWithValidDataTest"
"","897","userCanNotTransferInvalidAmountOfMoneyToValidAccountTest(InvalidTransferCase) [1] NEGATIVE","","Thu Aug 20 15:06:39 UTC 2026","failed","Thu Aug 20 15:06:40 UTC 2026","","iteration_2.api.TransferMoneyTest","iteration_2.api.TransferMoneyTest","userCanNotTransferInvalidAmountOfMoneyToValidAccountTest"
"","3341","userCanTransferMoneyPositiveTest()","","Thu Aug 20 15:06:07 UTC 2026","failed","Thu Aug 20 15:06:10 UTC 2026","","iteration_2.ui.TransferMoneyTest","iteration_2.ui.TransferMoneyTest","userCanTransferMoneyPositiveTest"
"","261","adminCanNotCreateUserWithInvalidUserPassword(InvalidUserPasswordCase) [5] NO_UPPERCASE","","Thu Aug 20 15:05:50 UTC 2026","passed","Thu Aug 20 15:05:51 UTC 2026","","iteration_1.api.CreateUserTest","iteration_1.api.CreateUserTest","adminCanNotCreateUserWithInvalidUserPassword"
"","3038","userCanNotTransferMoneyWithoutDataConfirmationTest()","","Thu Aug 20 15:06:20 UTC 2026","failed","Thu Aug 20 15:06:23 UTC 2026","","iteration_2.ui.TransferMoneyTest","iteration_2.ui.TransferMoneyTest","userCanNotTransferMoneyWithoutDataConfirmationTest"
"","2035","userCanNotCreateDepositWithoutSelectingAccountTest()","","Thu Aug 20 15:05:56 UTC 2026","passed","Thu Aug 20 15:05:58 UTC 2026","","iteration_2.ui.CreateDepositTest","iteration_2.ui.CreateDepositTest","userCanNotCreateDepositWithoutSelectingAccountTest"
"","730","userCanNotCreateDepositForNotExistingAccountTest()","","Thu Aug 20 15:06:35 UTC 2026","failed","Thu Aug 20 15:06:35 UTC 2026","","iteration_2.api.CreateDepositTest","iteration_2.api.CreateDepositTest","userCanNotCreateDepositForNotExistingAccountTest"
"","259","adminCanNotCreateUserWithInvalidUserNameTest(InvalidUsernameCase) [1] BLANK","","Thu Aug 20 15:05:51 UTC 2026","passed","Thu Aug 20 15:05:51 UTC 2026","","iteration_1.api.CreateUserTest","iteration_1.api.CreateUserTest","adminCanNotCreateUserWithInvalidUserNameTest"
"","903","userCanNotTransferInvalidAmountOfMoneyToValidAccountTest(InvalidTransferCase) [2] EXCEED_LIMIT","","Thu Aug 20 15:06:40 UTC 2026","failed","Thu Aug 20 15:06:41 UTC 2026","","iteration_2.api.TransferMoneyTest","iteration_2.api.TransferMoneyTest","userCanNotTransferInvalidAmountOfMoneyToValidAccountTest"
"","899","userCanNotTransferInvalidAmountOfMoneyToValidAccountTest(InvalidTransferCase) [3] MORE_THAN_BALANCE","","Thu Aug 20 15:06:41 UTC 2026","failed","Thu Aug 20 15:06:42 UTC 2026","","iteration_2.api.TransferMoneyTest","iteration_2.api.TransferMoneyTest","userCanNotTransferInvalidAmountOfMoneyToValidAccountTest"
"","1290","adminCanNotCreateUserWithInvalidUserPassword(InvalidUserPasswordCase) [1] BLANK","","Thu Aug 20 15:05:48 UTC 2026","passed","Thu Aug 20 15:05:50 UTC 2026","","iteration_1.api.CreateUserTest","iteration_1.api.CreateUserTest","adminCanNotCreateUserWithInvalidUserPassword"
"","699","userCanNotCreateDepositWithInvalidDataTest(InvalidDepositCase) [1] NEGATIVE","","Thu Aug 20 15:06:35 UTC 2026","failed","Thu Aug 20 15:06:36 UTC 2026","","iteration_2.api.CreateDepositTest","iteration_2.api.CreateDepositTest","userCanNotCreateDepositWithInvalidDataTest"
"","3233","userCanNotTransferMoneyToMissedRecipientNameTest()","","Thu Aug 20 15:06:17 UTC 2026","failed","Thu Aug 20 15:06:20 UTC 2026","","iteration_2.ui.TransferMoneyTest","iteration_2.ui.TransferMoneyTest","userCanNotTransferMoneyToMissedRecipientNameTest"
"","804","userCanNotTransferValidAmountOfMoneyToInvalidAccountTest()","","Thu Aug 20 15:06:38 UTC 2026","failed","Thu Aug 20 15:06:39 UTC 2026","","iteration_2.api.TransferMoneyTest","iteration_2.api.TransferMoneyTest","userCanNotTransferValidAmountOfMoneyToInvalidAccountTest"
"","697","userCanNotCreateDepositWithInvalidDataTest(InvalidDepositCase) [3] ZERO","","Thu Aug 20 15:06:37 UTC 2026","failed","Thu Aug 20 15:06:37 UTC 2026","","iteration_2.api.CreateDepositTest","iteration_2.api.CreateDepositTest","userCanNotCreateDepositWithInvalidDataTest"
"","2875","userCanNotTransferMoneyWithoutSelectingSenderAccountTest()","","Thu Aug 20 15:06:14 UTC 2026","failed","Thu Aug 20 15:06:17 UTC 2026","","iteration_2.ui.TransferMoneyTest","iteration_2.ui.TransferMoneyTest","userCanNotTransferMoneyWithoutSelectingSenderAccountTest"
"","625","adminCanCreateUserWithValidDataTest()","","Thu Aug 20 15:05:52 UTC 2026","passed","Thu Aug 20 15:05:53 UTC 2026","","iteration_1.api.CreateUserTest","iteration_1.api.CreateUserTest","adminCanCreateUserWithValidDataTest"
"","2395","userCanNotCreateDepositMoreThanLimitTest()","","Thu Aug 20 15:05:54 UTC 2026","failed","Thu Aug 20 15:05:56 UTC 2026","","iteration_2.ui.CreateDepositTest","iteration_2.ui.CreateDepositTest","userCanNotCreateDepositMoreThanLimitTest"
"","2008","userCanCreateAccountTest()","","Thu Aug 20 15:05:46 UTC 2026","passed","Thu Aug 20 15:05:48 UTC 2026","","iteration_1.ui.CreateAccountTest","iteration_1.ui.CreateAccountTest","userCanCreateAccountTest"
"","271","adminCanNotCreateUserWithInvalidUserNameTest(InvalidUsernameCase) [2] TOO_SHORT","","Thu Aug 20 15:05:51 UTC 2026","passed","Thu Aug 20 15:05:51 UTC 2026","","iteration_1.api.CreateUserTest","iteration_1.api.CreateUserTest","adminCanNotCreateUserWithInvalidUserNameTest"
"","598","userCanNotChangePersonalInfoWithInvalidDataTest(InvalidChangeNameCase) [2] DIGITS","","Thu Aug 20 15:06:43 UTC 2026","passed","Thu Aug 20 15:06:44 UTC 2026","","iteration_2.api.ChangeNameTest","iteration_2.api.ChangeNameTest","userCanNotChangePersonalInfoWithInvalidDataTest"
"","599","userCanChangePersonalInfoWithValidDataTest()","","Thu Aug 20 15:06:42 UTC 2026","failed","Thu Aug 20 15:06:42 UTC 2026","","iteration_2.api.ChangeNameTest","iteration_2.api.ChangeNameTest","userCanChangePersonalInfoWithValidDataTest"
"","1567","adminCanLoginWithCorrectDataTest()","","Thu Aug 20 15:05:45 UTC 2026","passed","Thu Aug 20 15:05:46 UTC 2026","","iteration_1.ui.LoginUserTest","iteration_1.ui.LoginUserTest","adminCanLoginWithCorrectDataTest"
"","0","TransferWithFraudCheckTest","","Thu Aug 20 15:06:32 UTC 2026","broken","Thu Aug 20 15:06:32 UTC 2026","","iteration_2.api.TransferWithFraudCheckTest","iteration_2.api.TransferWithFraudCheckTest",""
"","4840","adminCanNotCreateUserWithIncorrectDataTest()","","Thu Aug 20 15:05:34 UTC 2026","passed","Thu Aug 20 15:05:39 UTC 2026","","iteration_1.ui.CreateUserTest","iteration_1.ui.CreateUserTest","adminCanNotCreateUserWithIncorrectDataTest"
"","2411","userCanNotChangeNameForInvalidTest()","","Thu Aug 20 15:06:23 UTC 2026","failed","Thu Aug 20 15:06:25 UTC 2026","","iteration_2.ui.ChangeNameTest","iteration_2.ui.ChangeNameTest","userCanNotChangeNameForInvalidTest"
